,aaSeqCDR3,PAP_UMICount,ARV_UMICount
1,CASSRGGFSTDTQYF,108,0
2,CASSYSASNQPQHF,96,12
3,CASSSLTGELFF,24,0
4,CASELGTGGISSYEQYF,61,0
5,CASSKGGTGC_FSGANVLTF,6,0
6,CASRLWGARIEQYV,8,0
7,CASSPLGHRRWETQYF,23,0
8,CASRDDGGFGSPLHF,6,0
9,CASSQGLAVNEQFF,50,0
10,CASSF*RGRRETQYF,12,28
11,CASSRGTGIYEQYF,7,0
12,CASSLEGTRGETQYF,14,0
13,CASSYRLAGGSTGELFF,3,0
14,CASSPQPPGRYNEQFF,16,0
15,CASRPRTSGRPYNEQFF,6,0
16,CASSPGGGDNEQFF,1,0
17,CASSQDSYRGGEKLFF,5,0
18,CASSEEWKGHYSNQPQHF,20,0
19,CASSQEGVATNEKLFF,4,0
20,CASSLLGDGTEAFF,4,0
21,CASSLGYQPQHF,7,0
22,CAIPDGSGGYTF,6,0
23,CASSIEPGQGAYGYTF,4,0
24,CASTIKGDTEAFF,3,0
25,CASSFLKG_PFYQPQHF,7,0
26,CASSTWGDRDEAFF,28,0
27,CAWSEGEGLNTEAFF,2,0
28,CASSLGDSAEAFF,3,0
29,CASSLQTGTGNYGYTF,1,0
30,CATSSLRSYEQYV,2,19
31,CASSSSGGNTGELFF,1,35
32,CAIGWTAPNEQFF,1,1
33,CASSDRTGKTETQYF,1,3
34,CASKLGTGGISSYEQYF,1,0
35,CASSLVGSNYEQYV,1,43
36,CASSSGGGETQYF,1,37
37,CASRTGFLGYTF,1,0
38,CASRRTNEQFF,1,0
39,CASKNMTGD_EWSNQPQHF,1,9
40,CASSFGGVYEQYF,0,19
41,CASSHAAEPYNEQFF,0,35
42,CASSPGTDNQPQHF,0,23
43,CAWSVTGDTEAFF,0,1
44,CASSFGGNQPQHF,0,6
45,CASSQDWREGPNEQYV,0,14
46,CASSQPGGDTEAFF,0,1
47,CSVPGQRPDTQYF,0,1
48,CASSSAGGTDTQYF,0,1
49,CATSRNRNTGELFF,0,2
50,CASSSG_GETQYF,0,1
51,CASSYTLSSYNEQFF,0,1
52,CASSQAASSYEQYF,0,1
53,CASSQESPSTDTQYF,0,1
54,CASSLSGDQETQYF,0,1
55,CSVGSGNGNTIYF,0,1
56,CASSPLRGLVGELFF,0,1
57,CASSLSRDTTYEQYF,0,1
58,CASSPQTGQIIYEQYF,0,1
59,CSANRRRTQYF,0,1
60,CASSSRGTGELFF,0,1
61,CASSYQAGSYEQYF,0,1
62,CASSQRSGLAGRMYQETQYF,0,1
63,CASRRGLAGGRYEQYF,0,1
64,CASSPRAANTGELFF,0,1
65,CASSKGDNEQFF,0,1
66,CASSPGGSSYEQYF,0,1
67,CASSQS*LAGGLYEQFF,0,1
68,CSAPSGKGDTQYF,0,1
69,CASSLSGQGGYEQYF,0,1
70,CASSL*F*PSPNNEQFF,0,1
71,CASSLVRA_RGSYEQYF,0,1
72,CASSSDRGDTIYF,0,1
73,CSRQFNEKLFF,0,1
74,CASSPEGQTEAFF,0,1
75,CASSYSAGGKDTQYF,0,1
76,CASSPDGSASSYEQYF,0,1
77,CSARDPIGAGDVNEQFF,0,1
78,CAISGGNEQFF,0,1
79,CASSSALYEQYF,0,1
80,CASSPGTAVTEAFF,0,1
81,CASSQAAAGAFSYEQYF,0,1
82,CASSQTSAKGEQYF,0,1
83,CAWSPTPHEQYF,0,1
84,CASSLRVG_AKNIQYF,0,1
85,CASSPNRLAGGMNEQFF,0,1
86,CASSQDGAGSYNSPLHF,0,1
87,CASSATGRETQYF,0,1
88,CASRPPEAGANTEAFF,0,1
89,CASSLLQTGRSGANVLTF,0,1
90,CATSRGGRAQYF,0,1
91,CASSLAGLAGHSAQETQYF,0,1
92,CSVPVAGGPEQFF,0,1
93,CSARARGGANYNEQFF,0,1
94,CASSFDVLYNEQFF,0,1
95,CASSPPTGSYEQYF,0,1
96,CSARGPPNSPLHF,0,1
97,CSARDPGQGNGEQYF,0,1
98,CASSSGG_GETQYF,0,2
99,CASSLWTGYPEQYF,0,1
100,CASSLNVSPLHF,0,1
101,CASSWTGVGDTQYF,0,1
102,CASSEQGADRVTQYF,0,1
103,CASSEQGTRYEQYF,0,1
104,CASSLPQGYTTQYF,0,1
105,CASSLNRAWPLHF,0,1
106,CASSSVPRGNTGELFF,0,1
107,CASSHAGTGGAGGTDTQYF,0,1
108,CASKKSRDSSYEQYF,0,1
109,CSAGDPGLAGGPEYEQYF,0,1
110,CSASGIRSYEQYF,0,1
111,CATSRDTLAGHTGDTQYF,0,1
112,CASSPQGMNTEAFF,0,1
113,CASSSVGLGSYEQYF,0,1
114,CASSPGTSDTEQFF,0,1
115,CASSLEGYEQFF,0,1
116,CASSSQPTGVNGELFF,0,1
117,CASSLARDEQFF,0,1
118,CASSPLMSESYEQYF,0,1
119,CASSPGGADTGELFF,0,1
120,CASNSSLF,0,1
121,CASSLVVPTSTDTQYF,0,1
122,CAISAYGIGSADTQYF,0,1
123,CASSFSGGADEQYF,0,1
124,CASSLDNNEQFF,0,1
125,CASSLEASYNEQFF,0,1
126,CASSLDYRTANTGELFF,0,1
127,CASSLEALLVNEQFF,0,1
128,CASSLRLAGSYEQYF,0,1
129,CASSLVRESGELFF,0,1
130,CASSLDQNRYEQYF,0,1
131,CSASRGNYNEQFF,0,1
132,CSAIDRQGLTDTQYF,0,1
133,CASSPPGGTGGQETQYF,0,1
134,CASSTRLAANEQFF,0,1
